Nama_Tanaman,Kecamatan,pH_Tanah,Suhu_C,Curah_Hujan_mm,Elevasi_mdpl,Nama_Varietas,Nama_Varietas_Encoded,Nama_Tanaman_Encoded,Kecamatan_Encoded
Ketimun,Baktiya,5.37,27.0,2090.6,11.4,Hercules F1,10,6,0
Ketimun,Baktiya Barat,5.77,27.1,2006.5,3.6,Hercules F1,10,6,1
Ketimun,Banda Baro,5.62,26.4,1985.8,35.2,Hercules F1,10,6,2
Ketimun,Cot Girek,5.17,25.6,2403.7,124.3,Hercules F1,10,6,3
Ketimun,Dewantara,5.72,26.45,1932.4,9.4,Hercules F1,10,6,4
Ketimun,Geureudong Pase,5.4,24.2,2267.2,476.8,Hercules F1,10,6,5
Ketimun,Kuta Makmur,5.67,26.3,2061.0,141.0,Hercules F1,10,6,6
Ketimun,Langkahan,5.1,25.8,2429.3,70.5,Hercules F1,10,6,7
Ketimun,Lapang,6.05,27.1,2021.9,3.8,Hercules F1,10,6,8
Ketimun,Lhoksukon,5.22,26.9,2091.4,12.1,Hercules F1,10,6,9
Ketimun,Matangkuli,5.45,26.7,2130.0,11.7,Hercules F1,10,6,10
Ketimun,Meurah Mulia,5.54,26.6,2083.6,18.0,Hercules F1,10,6,11
Ketimun,Muara Batu,5.71,26.45,1941.3,10.3,Hercules F1,10,6,12
Ketimun,Nibong,5.51,26.7,2127.2,17.4,Hercules F1,10,6,13
Ketimun,Nisam,5.6,26.5,1946.5,30.6,Hercules F1,10,6,14
Ketimun,Nisam Antara,5.47,25.2,2181.5,458.7,Hercules F1,10,6,15
Ketimun,Paya Bakong,5.29,25.7,2263.3,81.3,Hercules F1,10,6,16
Ketimun,Pirak Timu,5.15,26.3,2111.1,12.8,Hercules F1,10,6,17
Ketimun,Samudera,5.7,26.7,1998.9,6.5,Hercules F1,10,6,18
Ketimun,Sawang,5.42,25.0,2199.6,380.7,Hercules F1,10,6,19
Ketimun,Seunuddon,6.09,27.2,2056.1,3.9,Hercules F1,10,6,20
Ketimun,Simpang Keramat,5.59,26.1,2152.3,164.5,Hercules F1,10,6,21
Ketimun,Syamtalira Aron,5.64,26.7,2000.2,5.4,Hercules F1,10,6,22
Ketimun,Syamtalira Bayu,5.59,26.4,1951.2,20.0,Hercules F1,10,6,23
Ketimun,Tanah Jambo Aye,5.31,27.0,2143.6,10.4,Hercules F1,10,6,24
Ketimun,Tanah Luas,5.49,25.2,2200.2,239.4,Hercules F1,10,6,25
Ketimun,Tanah Pasir,5.9,26.45,1978.8,4.7,Hercules F1,10,6,26
Ketimun,Baktiya,5.37,27.0,2090.6,11.4,Mercy F1,19,6,0
Ketimun,Baktiya Barat,5.77,27.1,2006.5,3.6,Mercy F1,19,6,1
Ketimun,Banda Baro,5.62,26.4,1985.8,35.2,Mercy F1,19,6,2
Ketimun,Cot Girek,5.17,25.6,2403.7,124.3,Mercy F1,19,6,3
Ketimun,Dewantara,5.72,26.45,1932.4,9.4,Mercy F1,19,6,4
Ketimun,Geureudong Pase,5.4,24.2,2267.2,476.8,Mercy F1,19,6,5
Ketimun,Kuta Makmur,5.67,26.3,2061.0,141.0,Mercy F1,19,6,6
Ketimun,Langkahan,5.1,25.8,2429.3,70.5,Mercy F1,19,6,7
Ketimun,Lapang,6.05,27.1,2021.9,3.8,Mercy F1,19,6,8
Ketimun,Lhoksukon,5.22,26.9,2091.4,12.1,Mercy F1,19,6,9
Ketimun,Matangkuli,5.45,26.7,2130.0,11.7,Mercy F1,19,6,10
Ketimun,Meurah Mulia,5.54,26.6,2083.6,18.0,Mercy F1,19,6,11
Ketimun,Muara Batu,5.71,26.45,1941.3,10.3,Mercy F1,19,6,12
Ketimun,Nibong,5.51,26.7,2127.2,17.4,Mercy F1,19,6,13
Ketimun,Nisam,5.6,26.5,1946.5,30.6,Mercy F1,19,6,14
Ketimun,Nisam Antara,5.47,25.2,2181.5,458.7,Mercy F1,19,6,15
Ketimun,Paya Bakong,5.29,25.7,2263.3,81.3,Mercy F1,19,6,16
Ketimun,Pirak Timu,5.15,26.3,2111.1,12.8,Mercy F1,19,6,17
Ketimun,Samudera,5.7,26.7,1998.9,6.5,Mercy F1,19,6,18
Ketimun,Sawang,5.42,25.0,2199.6,380.7,Mercy F1,19,6,19
Ketimun,Seunuddon,6.09,27.2,2056.1,3.9,Mercy F1,19,6,20
Ketimun,Simpang Keramat,5.59,26.1,2152.3,164.5,Mercy F1,19,6,21
Ketimun,Syamtalira Aron,5.64,26.7,2000.2,5.4,Mercy F1,19,6,22
Ketimun,Syamtalira Bayu,5.59,26.4,1951.2,20.0,Mercy F1,19,6,23
Ketimun,Tanah Jambo Aye,5.31,27.0,2143.6,10.4,Mercy F1,19,6,24
Ketimun,Tanah Luas,5.49,25.2,2200.2,239.4,Mercy F1,19,6,25
Ketimun,Tanah Pasir,5.9,26.45,1978.8,4.7,Mercy F1,19,6,26
Ketimun,Baktiya,5.37,27.0,2090.6,11.4,Roman F1,23,6,0
Ketimun,Baktiya Barat,5.77,27.1,2006.5,3.6,Roman F1,23,6,1
Ketimun,Banda Baro,5.62,26.4,1985.8,35.2,Roman F1,23,6,2
Ketimun,Cot Girek,5.17,25.6,2403.7,124.3,Roman F1,23,6,3
Ketimun,Dewantara,5.72,26.45,1932.4,9.4,Roman F1,23,6,4
Ketimun,Geureudong Pase,5.4,24.2,2267.2,476.8,Roman F1,23,6,5
Ketimun,Kuta Makmur,5.67,26.3,2061.0,141.0,Roman F1,23,6,6
Ketimun,Langkahan,5.1,25.8,2429.3,70.5,Roman F1,23,6,7
Ketimun,Lapang,6.05,27.1,2021.9,3.8,Roman F1,23,6,8
Ketimun,Lhoksukon,5.22,26.9,2091.4,12.1,Roman F1,23,6,9
Ketimun,Matangkuli,5.45,26.7,2130.0,11.7,Roman F1,23,6,10
Ketimun,Meurah Mulia,5.54,26.6,2083.6,18.0,Roman F1,23,6,11
Ketimun,Muara Batu,5.71,26.45,1941.3,10.3,Roman F1,23,6,12
Ketimun,Nibong,5.51,26.7,2127.2,17.4,Roman F1,23,6,13
Ketimun,Nisam,5.6,26.5,1946.5,30.6,Roman F1,23,6,14
Ketimun,Nisam Antara,5.47,25.2,2181.5,458.7,Roman F1,23,6,15
Ketimun,Paya Bakong,5.29,25.7,2263.3,81.3,Roman F1,23,6,16
Ketimun,Pirak Timu,5.15,26.3,2111.1,12.8,Roman F1,23,6,17
Ketimun,Samudera,5.7,26.7,1998.9,6.5,Roman F1,23,6,18
Ketimun,Sawang,5.42,25.0,2199.6,380.7,Roman F1,23,6,19
Ketimun,Seunuddon,6.09,27.2,2056.1,3.9,Roman F1,23,6,20
Ketimun,Simpang Keramat,5.59,26.1,2152.3,164.5,Roman F1,23,6,21
Ketimun,Syamtalira Aron,5.64,26.7,2000.2,5.4,Roman F1,23,6,22
Ketimun,Syamtalira Bayu,5.59,26.4,1951.2,20.0,Roman F1,23,6,23
Ketimun,Tanah Jambo Aye,5.31,27.0,2143.6,10.4,Roman F1,23,6,24
Ketimun,Tanah Luas,5.49,25.2,2200.2,239.4,Roman F1,23,6,25
Ketimun,Tanah Pasir,5.9,26.45,1978.8,4.7,Roman F1,23,6,26
Kacang Panjang,Baktiya,5.37,27.0,2090.6,11.4,Parade Tavi,21,4,0
Kacang Panjang,Baktiya Barat,5.77,27.1,2006.5,3.6,Parade Tavi,21,4,1
Kacang Panjang,Banda Baro,5.62,26.4,1985.8,35.2,Parade Tavi,21,4,2
Kacang Panjang,Cot Girek,5.17,25.6,2403.7,124.3,Parade Tavi,21,4,3
Kacang Panjang,Dewantara,5.72,26.45,1932.4,9.4,Parade Tavi,21,4,4
Kacang Panjang,Geureudong Pase,5.4,24.2,2267.2,476.8,Parade Tavi,21,4,5
Kacang Panjang,Kuta Makmur,5.67,26.3,2061.0,141.0,Parade Tavi,21,4,6
Kacang Panjang,Langkahan,5.1,25.8,2429.3,70.5,Parade Tavi,21,4,7
Kacang Panjang,Lapang,6.05,27.1,2021.9,3.8,Parade Tavi,21,4,8
Kacang Panjang,Lhoksukon,5.22,26.9,2091.4,12.1,Parade Tavi,21,4,9
Kacang Panjang,Matangkuli,5.45,26.7,2130.0,11.7,Parade Tavi,21,4,10
Kacang Panjang,Meurah Mulia,5.54,26.6,2083.6,18.0,Parade Tavi,21,4,11
Kacang Panjang,Muara Batu,5.71,26.45,1941.3,10.3,Parade Tavi,21,4,12
Kacang Panjang,Nibong,5.51,26.7,2127.2,17.4,Parade Tavi,21,4,13
Kacang Panjang,Nisam,5.6,26.5,1946.5,30.6,Parade Tavi,21,4,14
Kacang Panjang,Nisam Antara,5.47,25.2,2181.5,458.7,Parade Tavi,21,4,15
Kacang Panjang,Paya Bakong,5.29,25.7,2263.3,81.3,Parade Tavi,21,4,16
Kacang Panjang,Pirak Timu,5.15,26.3,2111.1,12.8,Parade Tavi,21,4,17
Kacang Panjang,Samudera,5.7,26.7,1998.9,6.5,Parade Tavi,21,4,18
Kacang Panjang,Sawang,5.42,25.0,2199.6,380.7,Parade Tavi,21,4,19
Kacang Panjang,Seunuddon,6.09,27.2,2056.1,3.9,Parade Tavi,21,4,20
Kacang Panjang,Simpang Keramat,5.59,26.1,2152.3,164.5,Parade Tavi,21,4,21
Kacang Panjang,Syamtalira Aron,5.64,26.7,2000.2,5.4,Parade Tavi,21,4,22
Kacang Panjang,Syamtalira Bayu,5.59,26.4,1951.2,20.0,Parade Tavi,21,4,23
Kacang Panjang,Tanah Jambo Aye,5.31,27.0,2143.6,10.4,Parade Tavi,21,4,24
Kacang Panjang,Tanah Luas,5.49,25.2,2200.2,239.4,Parade Tavi,21,4,25
Kacang Panjang,Tanah Pasir,5.9,26.45,1978.8,4.7,Parade Tavi,21,4,26
Kacang Panjang,Baktiya,5.37,27.0,2090.6,11.4,Kanton Tavi,13,4,0
Kacang Panjang,Baktiya Barat,5.77,27.1,2006.5,3.6,Kanton Tavi,13,4,1
Kacang Panjang,Banda Baro,5.62,26.4,1985.8,35.2,Kanton Tavi,13,4,2
Kacang Panjang,Cot Girek,5.17,25.6,2403.7,124.3,Kanton Tavi,13,4,3
Kacang Panjang,Dewantara,5.72,26.45,1932.4,9.4,Kanton Tavi,13,4,4
Kacang Panjang,Geureudong Pase,5.4,24.2,2267.2,476.8,Kanton Tavi,13,4,5
Kacang Panjang,Kuta Makmur,5.67,26.3,2061.0,141.0,Kanton Tavi,13,4,6
Kacang Panjang,Langkahan,5.1,25.8,2429.3,70.5,Kanton Tavi,13,4,7
Kacang Panjang,Lapang,6.05,27.1,2021.9,3.8,Kanton Tavi,13,4,8
Kacang Panjang,Lhoksukon,5.22,26.9,2091.4,12.1,Kanton Tavi,13,4,9
Kacang Panjang,Matangkuli,5.45,26.7,2130.0,11.7,Kanton Tavi,13,4,10
Kacang Panjang,Meurah Mulia,5.54,26.6,2083.6,18.0,Kanton Tavi,13,4,11
Kacang Panjang,Muara Batu,5.71,26.45,1941.3,10.3,Kanton Tavi,13,4,12
Kacang Panjang,Nibong,5.51,26.7,2127.2,17.4,Kanton Tavi,13,4,13
Kacang Panjang,Nisam,5.6,26.5,1946.5,30.6,Kanton Tavi,13,4,14
Kacang Panjang,Nisam Antara,5.47,25.2,2181.5,458.7,Kanton Tavi,13,4,15
Kacang Panjang,Paya Bakong,5.29,25.7,2263.3,81.3,Kanton Tavi,13,4,16
Kacang Panjang,Pirak Timu,5.15,26.3,2111.1,12.8,Kanton Tavi,13,4,17
Kacang Panjang,Samudera,5.7,26.7,1998.9,6.5,Kanton Tavi,13,4,18
Kacang Panjang,Sawang,5.42,25.0,2199.6,380.7,Kanton Tavi,13,4,19
Kacang Panjang,Seunuddon,6.09,27.2,2056.1,3.9,Kanton Tavi,13,4,20
Kacang Panjang,Simpang Keramat,5.59,26.1,2152.3,164.5,Kanton Tavi,13,4,21
Kacang Panjang,Syamtalira Aron,5.64,26.7,2000.2,5.4,Kanton Tavi,13,4,22
Kacang Panjang,Syamtalira Bayu,5.59,26.4,1951.2,20.0,Kanton Tavi,13,4,23
Kacang Panjang,Tanah Jambo Aye,5.31,27.0,2143.6,10.4,Kanton Tavi,13,4,24
Kacang Panjang,Tanah Luas,5.49,25.2,2200.2,239.4,Kanton Tavi,13,4,25
Kacang Panjang,Tanah Pasir,5.9,26.45,1978.8,4.7,Kanton Tavi,13,4,26
Kacang Panjang,Baktiya,5.37,27.0,2090.6,11.4,KP-1,12,4,0
Kacang Panjang,Baktiya Barat,5.77,27.1,2006.5,3.6,KP-1,12,4,1
Kacang Panjang,Banda Baro,5.62,26.4,1985.8,35.2,KP-1,12,4,2
Kacang Panjang,Cot Girek,5.17,25.6,2403.7,124.3,KP-1,12,4,3
Kacang Panjang,Dewantara,5.72,26.45,1932.4,9.4,KP-1,12,4,4
Kacang Panjang,Geureudong Pase,5.4,24.2,2267.2,476.8,KP-1,12,4,5
Kacang Panjang,Kuta Makmur,5.67,26.3,2061.0,141.0,KP-1,12,4,6
Kacang Panjang,Langkahan,5.1,25.8,2429.3,70.5,KP-1,12,4,7
Kacang Panjang,Lapang,6.05,27.1,2021.9,3.8,KP-1,12,4,8
Kacang Panjang,Lhoksukon,5.22,26.9,2091.4,12.1,KP-1,12,4,9
Kacang Panjang,Matangkuli,5.45,26.7,2130.0,11.7,KP-1,12,4,10
Kacang Panjang,Meurah Mulia,5.54,26.6,2083.6,18.0,KP-1,12,4,11
Kacang Panjang,Muara Batu,5.71,26.45,1941.3,10.3,KP-1,12,4,12
Kacang Panjang,Nibong,5.51,26.7,2127.2,17.4,KP-1,12,4,13
Kacang Panjang,Nisam,5.6,26.5,1946.5,30.6,KP-1,12,4,14
Kacang Panjang,Nisam Antara,5.47,25.2,2181.5,458.7,KP-1,12,4,15
Kacang Panjang,Paya Bakong,5.29,25.7,2263.3,81.3,KP-1,12,4,16
Kacang Panjang,Pirak Timu,5.15,26.3,2111.1,12.8,KP-1,12,4,17
Kacang Panjang,Samudera,5.7,26.7,1998.9,6.5,KP-1,12,4,18
Kacang Panjang,Sawang,5.42,25.0,2199.6,380.7,KP-1,12,4,19
Kacang Panjang,Seunuddon,6.09,27.2,2056.1,3.9,KP-1,12,4,20
Kacang Panjang,Simpang Keramat,5.59,26.1,2152.3,164.5,KP-1,12,4,21
Kacang Panjang,Syamtalira Aron,5.64,26.7,2000.2,5.4,KP-1,12,4,22
Kacang Panjang,Syamtalira Bayu,5.59,26.4,1951.2,20.0,KP-1,12,4,23
Kacang Panjang,Tanah Jambo Aye,5.31,27.0,2143.6,10.4,KP-1,12,4,24
Kacang Panjang,Tanah Luas,5.49,25.2,2200.2,239.4,KP-1,12,4,25
Kacang Panjang,Tanah Pasir,5.9,26.45,1978.8,4.7,KP-1,12,4,26
Kangkung,Baktiya,5.37,27.0,2090.6,11.4,Bangkok LP-1,3,5,0
Kangkung,Baktiya Barat,5.77,27.1,2006.5,3.6,Bangkok LP-1,3,5,1
Kangkung,Banda Baro,5.62,26.4,1985.8,35.2,Bangkok LP-1,3,5,2
Kangkung,Cot Girek,5.17,25.6,2403.7,124.3,Bangkok LP-1,3,5,3
Kangkung,Dewantara,5.72,26.45,1932.4,9.4,Bangkok LP-1,3,5,4
Kangkung,Geureudong Pase,5.4,24.2,2267.2,476.8,Bangkok LP-1,3,5,5
Kangkung,Kuta Makmur,5.67,26.3,2061.0,141.0,Bangkok LP-1,3,5,6
Kangkung,Langkahan,5.1,25.8,2429.3,70.5,Bangkok LP-1,3,5,7
Kangkung,Lapang,6.05,27.1,2021.9,3.8,Bangkok LP-1,3,5,8
Kangkung,Lhoksukon,5.22,26.9,2091.4,12.1,Bangkok LP-1,3,5,9
Kangkung,Matangkuli,5.45,26.7,2130.0,11.7,Bangkok LP-1,3,5,10
Kangkung,Meurah Mulia,5.54,26.6,2083.6,18.0,Bangkok LP-1,3,5,11
Kangkung,Muara Batu,5.71,26.45,1941.3,10.3,Bangkok LP-1,3,5,12
Kangkung,Nibong,5.51,26.7,2127.2,17.4,Bangkok LP-1,3,5,13
Kangkung,Nisam,5.6,26.5,1946.5,30.6,Bangkok LP-1,3,5,14
Kangkung,Nisam Antara,5.47,25.2,2181.5,458.7,Bangkok LP-1,3,5,15
Kangkung,Paya Bakong,5.29,25.7,2263.3,81.3,Bangkok LP-1,3,5,16
Kangkung,Pirak Timu,5.15,26.3,2111.1,12.8,Bangkok LP-1,3,5,17
Kangkung,Samudera,5.7,26.7,1998.9,6.5,Bangkok LP-1,3,5,18
Kangkung,Sawang,5.42,25.0,2199.6,380.7,Bangkok LP-1,3,5,19
Kangkung,Seunuddon,6.09,27.2,2056.1,3.9,Bangkok LP-1,3,5,20
Kangkung,Simpang Keramat,5.59,26.1,2152.3,164.5,Bangkok LP-1,3,5,21
Kangkung,Syamtalira Aron,5.64,26.7,2000.2,5.4,Bangkok LP-1,3,5,22
Kangkung,Syamtalira Bayu,5.59,26.4,1951.2,20.0,Bangkok LP-1,3,5,23
Kangkung,Tanah Jambo Aye,5.31,27.0,2143.6,10.4,Bangkok LP-1,3,5,24
Kangkung,Tanah Luas,5.49,25.2,2200.2,239.4,Bangkok LP-1,3,5,25
Kangkung,Tanah Pasir,5.9,26.45,1978.8,4.7,Bangkok LP-1,3,5,26
Kangkung,Baktiya,5.37,27.0,2090.6,11.4,Bisi Kangkung,5,5,0
Kangkung,Baktiya Barat,5.77,27.1,2006.5,3.6,Bisi Kangkung,5,5,1
Kangkung,Banda Baro,5.62,26.4,1985.8,35.2,Bisi Kangkung,5,5,2
Kangkung,Cot Girek,5.17,25.6,2403.7,124.3,Bisi Kangkung,5,5,3
Kangkung,Dewantara,5.72,26.45,1932.4,9.4,Bisi Kangkung,5,5,4
Kangkung,Geureudong Pase,5.4,24.2,2267.2,476.8,Bisi Kangkung,5,5,5
Kangkung,Kuta Makmur,5.67,26.3,2061.0,141.0,Bisi Kangkung,5,5,6
Kangkung,Langkahan,5.1,25.8,2429.3,70.5,Bisi Kangkung,5,5,7
Kangkung,Lapang,6.05,27.1,2021.9,3.8,Bisi Kangkung,5,5,8
Kangkung,Lhoksukon,5.22,26.9,2091.4,12.1,Bisi Kangkung,5,5,9
Kangkung,Matangkuli,5.45,26.7,2130.0,11.7,Bisi Kangkung,5,5,10
Kangkung,Meurah Mulia,5.54,26.6,2083.6,18.0,Bisi Kangkung,5,5,11
Kangkung,Muara Batu,5.71,26.45,1941.3,10.3,Bisi Kangkung,5,5,12
Kangkung,Nibong,5.51,26.7,2127.2,17.4,Bisi Kangkung,5,5,13
Kangkung,Nisam,5.6,26.5,1946.5,30.6,Bisi Kangkung,5,5,14
Kangkung,Nisam Antara,5.47,25.2,2181.5,458.7,Bisi Kangkung,5,5,15
Kangkung,Paya Bakong,5.29,25.7,2263.3,81.3,Bisi Kangkung,5,5,16
Kangkung,Pirak Timu,5.15,26.3,2111.1,12.8,Bisi Kangkung,5,5,17
Kangkung,Samudera,5.7,26.7,1998.9,6.5,Bisi Kangkung,5,5,18
Kangkung,Sawang,5.42,25.0,2199.6,380.7,Bisi Kangkung,5,5,19
Kangkung,Seunuddon,6.09,27.2,2056.1,3.9,Bisi Kangkung,5,5,20
Kangkung,Simpang Keramat,5.59,26.1,2152.3,164.5,Bisi Kangkung,5,5,21
Kangkung,Syamtalira Aron,5.64,26.7,2000.2,5.4,Bisi Kangkung,5,5,22
Kangkung,Syamtalira Bayu,5.59,26.4,1951.2,20.0,Bisi Kangkung,5,5,23
Kangkung,Tanah Jambo Aye,5.31,27.0,2143.6,10.4,Bisi Kangkung,5,5,24
Kangkung,Tanah Luas,5.49,25.2,2200.2,239.4,Bisi Kangkung,5,5,25
Kangkung,Tanah Pasir,5.9,26.45,1978.8,4.7,Bisi Kangkung,5,5,26
Kangkung,Baktiya,5.37,27.0,2090.6,11.4,Sutra,26,5,0
Kangkung,Baktiya Barat,5.77,27.1,2006.5,3.6,Sutra,26,5,1
Kangkung,Banda Baro,5.62,26.4,1985.8,35.2,Sutra,26,5,2
Kangkung,Cot Girek,5.17,25.6,2403.7,124.3,Sutra,26,5,3
Kangkung,Dewantara,5.72,26.45,1932.4,9.4,Sutra,26,5,4
Kangkung,Geureudong Pase,5.4,24.2,2267.2,476.8,Sutra,26,5,5
Kangkung,Kuta Makmur,5.67,26.3,2061.0,141.0,Sutra,26,5,6
Kangkung,Langkahan,5.1,25.8,2429.3,70.5,Sutra,26,5,7
Kangkung,Lapang,6.05,27.1,2021.9,3.8,Sutra,26,5,8
Kangkung,Lhoksukon,5.22,26.9,2091.4,12.1,Sutra,26,5,9
Kangkung,Matangkuli,5.45,26.7,2130.0,11.7,Sutra,26,5,10
Kangkung,Meurah Mulia,5.54,26.6,2083.6,18.0,Sutra,26,5,11
Kangkung,Muara Batu,5.71,26.45,1941.3,10.3,Sutra,26,5,12
Kangkung,Nibong,5.51,26.7,2127.2,17.4,Sutra,26,5,13
Kangkung,Nisam,5.6,26.5,1946.5,30.6,Sutra,26,5,14
Kangkung,Nisam Antara,5.47,25.2,2181.5,458.7,Sutra,26,5,15
Kangkung,Paya Bakong,5.29,25.7,2263.3,81.3,Sutra,26,5,16
Kangkung,Pirak Timu,5.15,26.3,2111.1,12.8,Sutra,26,5,17
Kangkung,Samudera,5.7,26.7,1998.9,6.5,Sutra,26,5,18
Kangkung,Sawang,5.42,25.0,2199.6,380.7,Sutra,26,5,19
Kangkung,Seunuddon,6.09,27.2,2056.1,3.9,Sutra,26,5,20
Kangkung,Simpang Keramat,5.59,26.1,2152.3,164.5,Sutra,26,5,21
Kangkung,Syamtalira Aron,5.64,26.7,2000.2,5.4,Sutra,26,5,22
Kangkung,Syamtalira Bayu,5.59,26.4,1951.2,20.0,Sutra,26,5,23
Kangkung,Tanah Jambo Aye,5.31,27.0,2143.6,10.4,Sutra,26,5,24
Kangkung,Tanah Luas,5.49,25.2,2200.2,239.4,Sutra,26,5,25
Kangkung,Tanah Pasir,5.9,26.45,1978.8,4.7,Sutra,26,5,26
Terung,Baktiya,5.37,27.0,2090.6,11.4,Mustang F1,20,8,0
Terung,Baktiya Barat,5.77,27.1,2006.5,3.6,Mustang F1,20,8,1
Terung,Banda Baro,5.62,26.4,1985.8,35.2,Mustang F1,20,8,2
Terung,Cot Girek,5.17,25.6,2403.7,124.3,Mustang F1,20,8,3
Terung,Dewantara,5.72,26.45,1932.4,9.4,Mustang F1,20,8,4
Terung,Geureudong Pase,5.4,24.2,2267.2,476.8,Mustang F1,20,8,5
Terung,Kuta Makmur,5.67,26.3,2061.0,141.0,Mustang F1,20,8,6
Terung,Langkahan,5.1,25.8,2429.3,70.5,Mustang F1,20,8,7
Terung,Lapang,6.05,27.1,2021.9,3.8,Mustang F1,20,8,8
Terung,Lhoksukon,5.22,26.9,2091.4,12.1,Mustang F1,20,8,9
Terung,Matangkuli,5.45,26.7,2130.0,11.7,Mustang F1,20,8,10
Terung,Meurah Mulia,5.54,26.6,2083.6,18.0,Mustang F1,20,8,11
Terung,Muara Batu,5.71,26.45,1941.3,10.3,Mustang F1,20,8,12
Terung,Nibong,5.51,26.7,2127.2,17.4,Mustang F1,20,8,13
Terung,Nisam,5.6,26.5,1946.5,30.6,Mustang F1,20,8,14
Terung,Nisam Antara,5.47,25.2,2181.5,458.7,Mustang F1,20,8,15
Terung,Paya Bakong,5.29,25.7,2263.3,81.3,Mustang F1,20,8,16
Terung,Pirak Timu,5.15,26.3,2111.1,12.8,Mustang F1,20,8,17
Terung,Samudera,5.7,26.7,1998.9,6.5,Mustang F1,20,8,18
Terung,Sawang,5.42,25.0,2199.6,380.7,Mustang F1,20,8,19
Terung,Seunuddon,6.09,27.2,2056.1,3.9,Mustang F1,20,8,20
Terung,Simpang Keramat,5.59,26.1,2152.3,164.5,Mustang F1,20,8,21
Terung,Syamtalira Aron,5.64,26.7,2000.2,5.4,Mustang F1,20,8,22
Terung,Syamtalira Bayu,5.59,26.4,1951.2,20.0,Mustang F1,20,8,23
Terung,Tanah Jambo Aye,5.31,27.0,2143.6,10.4,Mustang F1,20,8,24
Terung,Tanah Luas,5.49,25.2,2200.2,239.4,Mustang F1,20,8,25
Terung,Tanah Pasir,5.9,26.45,1978.8,4.7,Mustang F1,20,8,26
Terung,Baktiya,5.37,27.0,2090.6,11.4,Laguna F1,16,8,0
Terung,Baktiya Barat,5.77,27.1,2006.5,3.6,Laguna F1,16,8,1
Terung,Banda Baro,5.62,26.4,1985.8,35.2,Laguna F1,16,8,2
Terung,Cot Girek,5.17,25.6,2403.7,124.3,Laguna F1,16,8,3
Terung,Dewantara,5.72,26.45,1932.4,9.4,Laguna F1,16,8,4
Terung,Geureudong Pase,5.4,24.2,2267.2,476.8,Laguna F1,16,8,5
Terung,Kuta Makmur,5.67,26.3,2061.0,141.0,Laguna F1,16,8,6
Terung,Langkahan,5.1,25.8,2429.3,70.5,Laguna F1,16,8,7
Terung,Lapang,6.05,27.1,2021.9,3.8,Laguna F1,16,8,8
Terung,Lhoksukon,5.22,26.9,2091.4,12.1,Laguna F1,16,8,9
Terung,Matangkuli,5.45,26.7,2130.0,11.7,Laguna F1,16,8,10
Terung,Meurah Mulia,5.54,26.6,2083.6,18.0,Laguna F1,16,8,11
Terung,Muara Batu,5.71,26.45,1941.3,10.3,Laguna F1,16,8,12
Terung,Nibong,5.51,26.7,2127.2,17.4,Laguna F1,16,8,13
Terung,Nisam,5.6,26.5,1946.5,30.6,Laguna F1,16,8,14
Terung,Nisam Antara,5.47,25.2,2181.5,458.7,Laguna F1,16,8,15
Terung,Paya Bakong,5.29,25.7,2263.3,81.3,Laguna F1,16,8,16
Terung,Pirak Timu,5.15,26.3,2111.1,12.8,Laguna F1,16,8,17
Terung,Samudera,5.7,26.7,1998.9,6.5,Laguna F1,16,8,18
Terung,Sawang,5.42,25.0,2199.6,380.7,Laguna F1,16,8,19
Terung,Seunuddon,6.09,27.2,2056.1,3.9,Laguna F1,16,8,20
Terung,Simpang Keramat,5.59,26.1,2152.3,164.5,Laguna F1,16,8,21
Terung,Syamtalira Aron,5.64,26.7,2000.2,5.4,Laguna F1,16,8,22
Terung,Syamtalira Bayu,5.59,26.4,1951.2,20.0,Laguna F1,16,8,23
Terung,Tanah Jambo Aye,5.31,27.0,2143.6,10.4,Laguna F1,16,8,24
Terung,Tanah Luas,5.49,25.2,2200.2,239.4,Laguna F1,16,8,25
Terung,Tanah Pasir,5.9,26.45,1978.8,4.7,Laguna F1,16,8,26
Terung,Baktiya,5.37,27.0,2090.6,11.4,Antaboga,1,8,0
Terung,Baktiya Barat,5.77,27.1,2006.5,3.6,Antaboga,1,8,1
Terung,Banda Baro,5.62,26.4,1985.8,35.2,Antaboga,1,8,2
Terung,Cot Girek,5.17,25.6,2403.7,124.3,Antaboga,1,8,3
Terung,Dewantara,5.72,26.45,1932.4,9.4,Antaboga,1,8,4
Terung,Geureudong Pase,5.4,24.2,2267.2,476.8,Antaboga,1,8,5
Terung,Kuta Makmur,5.67,26.3,2061.0,141.0,Antaboga,1,8,6
Terung,Langkahan,5.1,25.8,2429.3,70.5,Antaboga,1,8,7
Terung,Lapang,6.05,27.1,2021.9,3.8,Antaboga,1,8,8
Terung,Lhoksukon,5.22,26.9,2091.4,12.1,Antaboga,1,8,9
Terung,Matangkuli,5.45,26.7,2130.0,11.7,Antaboga,1,8,10
Terung,Meurah Mulia,5.54,26.6,2083.6,18.0,Antaboga,1,8,11
Terung,Muara Batu,5.71,26.45,1941.3,10.3,Antaboga,1,8,12
Terung,Nibong,5.51,26.7,2127.2,17.4,Antaboga,1,8,13
Terung,Nisam,5.6,26.5,1946.5,30.6,Antaboga,1,8,14
Terung,Nisam Antara,5.47,25.2,2181.5,458.7,Antaboga,1,8,15
Terung,Paya Bakong,5.29,25.7,2263.3,81.3,Antaboga,1,8,16
Terung,Pirak Timu,5.15,26.3,2111.1,12.8,Antaboga,1,8,17
Terung,Samudera,5.7,26.7,1998.9,6.5,Antaboga,1,8,18
Terung,Sawang,5.42,25.0,2199.6,380.7,Antaboga,1,8,19
Terung,Seunuddon,6.09,27.2,2056.1,3.9,Antaboga,1,8,20
Terung,Simpang Keramat,5.59,26.1,2152.3,164.5,Antaboga,1,8,21
Terung,Syamtalira Aron,5.64,26.7,2000.2,5.4,Antaboga,1,8,22
Terung,Syamtalira Bayu,5.59,26.4,1951.2,20.0,Antaboga,1,8,23
Terung,Tanah Jambo Aye,5.31,27.0,2143.6,10.4,Antaboga,1,8,24
Terung,Tanah Luas,5.49,25.2,2200.2,239.4,Antaboga,1,8,25
Terung,Tanah Pasir,5.9,26.45,1978.8,4.7,Antaboga,1,8,26
Cabe Rawit,Baktiya,5.37,27.0,2090.6,11.4,Dewata F1,8,3,0
Cabe Rawit,Baktiya Barat,5.77,27.1,2006.5,3.6,Dewata F1,8,3,1
Cabe Rawit,Banda Baro,5.62,26.4,1985.8,35.2,Dewata F1,8,3,2
Cabe Rawit,Cot Girek,5.17,25.6,2403.7,124.3,Dewata F1,8,3,3
Cabe Rawit,Dewantara,5.72,26.45,1932.4,9.4,Dewata F1,8,3,4
Cabe Rawit,Geureudong Pase,5.4,24.2,2267.2,476.8,Dewata F1,8,3,5
Cabe Rawit,Kuta Makmur,5.67,26.3,2061.0,141.0,Dewata F1,8,3,6
Cabe Rawit,Langkahan,5.1,25.8,2429.3,70.5,Dewata F1,8,3,7
Cabe Rawit,Lapang,6.05,27.1,2021.9,3.8,Dewata F1,8,3,8
Cabe Rawit,Lhoksukon,5.22,26.9,2091.4,12.1,Dewata F1,8,3,9
Cabe Rawit,Matangkuli,5.45,26.7,2130.0,11.7,Dewata F1,8,3,10
Cabe Rawit,Meurah Mulia,5.54,26.6,2083.6,18.0,Dewata F1,8,3,11
Cabe Rawit,Muara Batu,5.71,26.45,1941.3,10.3,Dewata F1,8,3,12
Cabe Rawit,Nibong,5.51,26.7,2127.2,17.4,Dewata F1,8,3,13
Cabe Rawit,Nisam,5.6,26.5,1946.5,30.6,Dewata F1,8,3,14
Cabe Rawit,Nisam Antara,5.47,25.2,2181.5,458.7,Dewata F1,8,3,15
Cabe Rawit,Paya Bakong,5.29,25.7,2263.3,81.3,Dewata F1,8,3,16
Cabe Rawit,Pirak Timu,5.15,26.3,2111.1,12.8,Dewata F1,8,3,17
Cabe Rawit,Samudera,5.7,26.7,1998.9,6.5,Dewata F1,8,3,18
Cabe Rawit,Sawang,5.42,25.0,2199.6,380.7,Dewata F1,8,3,19
Cabe Rawit,Seunuddon,6.09,27.2,2056.1,3.9,Dewata F1,8,3,20
Cabe Rawit,Simpang Keramat,5.59,26.1,2152.3,164.5,Dewata F1,8,3,21
Cabe Rawit,Syamtalira Aron,5.64,26.7,2000.2,5.4,Dewata F1,8,3,22
Cabe Rawit,Syamtalira Bayu,5.59,26.4,1951.2,20.0,Dewata F1,8,3,23
Cabe Rawit,Tanah Jambo Aye,5.31,27.0,2143.6,10.4,Dewata F1,8,3,24
Cabe Rawit,Tanah Luas,5.49,25.2,2200.2,239.4,Dewata F1,8,3,25
Cabe Rawit,Tanah Pasir,5.9,26.45,1978.8,4.7,Dewata F1,8,3,26
Cabe Rawit,Baktiya,5.37,27.0,2090.6,11.4,Bara,4,3,0
Cabe Rawit,Baktiya Barat,5.77,27.1,2006.5,3.6,Bara,4,3,1
Cabe Rawit,Banda Baro,5.62,26.4,1985.8,35.2,Bara,4,3,2
Cabe Rawit,Cot Girek,5.17,25.6,2403.7,124.3,Bara,4,3,3
Cabe Rawit,Dewantara,5.72,26.45,1932.4,9.4,Bara,4,3,4
Cabe Rawit,Geureudong Pase,5.4,24.2,2267.2,476.8,Bara,4,3,5
Cabe Rawit,Kuta Makmur,5.67,26.3,2061.0,141.0,Bara,4,3,6
Cabe Rawit,Langkahan,5.1,25.8,2429.3,70.5,Bara,4,3,7
Cabe Rawit,Lapang,6.05,27.1,2021.9,3.8,Bara,4,3,8
Cabe Rawit,Lhoksukon,5.22,26.9,2091.4,12.1,Bara,4,3,9
Cabe Rawit,Matangkuli,5.45,26.7,2130.0,11.7,Bara,4,3,10
Cabe Rawit,Meurah Mulia,5.54,26.6,2083.6,18.0,Bara,4,3,11
Cabe Rawit,Muara Batu,5.71,26.45,1941.3,10.3,Bara,4,3,12
Cabe Rawit,Nibong,5.51,26.7,2127.2,17.4,Bara,4,3,13
Cabe Rawit,Nisam,5.6,26.5,1946.5,30.6,Bara,4,3,14
Cabe Rawit,Nisam Antara,5.47,25.2,2181.5,458.7,Bara,4,3,15
Cabe Rawit,Paya Bakong,5.29,25.7,2263.3,81.3,Bara,4,3,16
Cabe Rawit,Pirak Timu,5.15,26.3,2111.1,12.8,Bara,4,3,17
Cabe Rawit,Samudera,5.7,26.7,1998.9,6.5,Bara,4,3,18
Cabe Rawit,Sawang,5.42,25.0,2199.6,380.7,Bara,4,3,19
Cabe Rawit,Seunuddon,6.09,27.2,2056.1,3.9,Bara,4,3,20
Cabe Rawit,Simpang Keramat,5.59,26.1,2152.3,164.5,Bara,4,3,21
Cabe Rawit,Syamtalira Aron,5.64,26.7,2000.2,5.4,Bara,4,3,22
Cabe Rawit,Syamtalira Bayu,5.59,26.4,1951.2,20.0,Bara,4,3,23
Cabe Rawit,Tanah Jambo Aye,5.31,27.0,2143.6,10.4,Bara,4,3,24
Cabe Rawit,Tanah Luas,5.49,25.2,2200.2,239.4,Bara,4,3,25
Cabe Rawit,Tanah Pasir,5.9,26.45,1978.8,4.7,Bara,4,3,26
Cabe Rawit,Baktiya,5.37,27.0,2090.6,11.4,Taruna,29,3,0
Cabe Rawit,Baktiya Barat,5.77,27.1,2006.5,3.6,Taruna,29,3,1
Cabe Rawit,Banda Baro,5.62,26.4,1985.8,35.2,Taruna,29,3,2
Cabe Rawit,Cot Girek,5.17,25.6,2403.7,124.3,Taruna,29,3,3
Cabe Rawit,Dewantara,5.72,26.45,1932.4,9.4,Taruna,29,3,4
Cabe Rawit,Geureudong Pase,5.4,24.2,2267.2,476.8,Taruna,29,3,5
Cabe Rawit,Kuta Makmur,5.67,26.3,2061.0,141.0,Taruna,29,3,6
Cabe Rawit,Langkahan,5.1,25.8,2429.3,70.5,Taruna,29,3,7
Cabe Rawit,Lapang,6.05,27.1,2021.9,3.8,Taruna,29,3,8
Cabe Rawit,Lhoksukon,5.22,26.9,2091.4,12.1,Taruna,29,3,9
Cabe Rawit,Matangkuli,5.45,26.7,2130.0,11.7,Taruna,29,3,10
Cabe Rawit,Meurah Mulia,5.54,26.6,2083.6,18.0,Taruna,29,3,11
Cabe Rawit,Muara Batu,5.71,26.45,1941.3,10.3,Taruna,29,3,12
Cabe Rawit,Nibong,5.51,26.7,2127.2,17.4,Taruna,29,3,13
Cabe Rawit,Nisam,5.6,26.5,1946.5,30.6,Taruna,29,3,14
Cabe Rawit,Nisam Antara,5.47,25.2,2181.5,458.7,Taruna,29,3,15
Cabe Rawit,Paya Bakong,5.29,25.7,2263.3,81.3,Taruna,29,3,16
Cabe Rawit,Pirak Timu,5.15,26.3,2111.1,12.8,Taruna,29,3,17
Cabe Rawit,Samudera,5.7,26.7,1998.9,6.5,Taruna,29,3,18
Cabe Rawit,Sawang,5.42,25.0,2199.6,380.7,Taruna,29,3,19
Cabe Rawit,Seunuddon,6.09,27.2,2056.1,3.9,Taruna,29,3,20
Cabe Rawit,Simpang Keramat,5.59,26.1,2152.3,164.5,Taruna,29,3,21
Cabe Rawit,Syamtalira Aron,5.64,26.7,2000.2,5.4,Taruna,29,3,22
Cabe Rawit,Syamtalira Bayu,5.59,26.4,1951.2,20.0,Taruna,29,3,23
Cabe Rawit,Tanah Jambo Aye,5.31,27.0,2143.6,10.4,Taruna,29,3,24
Cabe Rawit,Tanah Luas,5.49,25.2,2200.2,239.4,Taruna,29,3,25
Cabe Rawit,Tanah Pasir,5.9,26.45,1978.8,4.7,Taruna,29,3,26
Cabe Keriting,Baktiya,5.37,27.0,2090.6,11.4,TM 999,27,2,0
Cabe Keriting,Baktiya Barat,5.77,27.1,2006.5,3.6,TM 999,27,2,1
Cabe Keriting,Banda Baro,5.62,26.4,1985.8,35.2,TM 999,27,2,2
Cabe Keriting,Cot Girek,5.17,25.6,2403.7,124.3,TM 999,27,2,3
Cabe Keriting,Dewantara,5.72,26.45,1932.4,9.4,TM 999,27,2,4
Cabe Keriting,Geureudong Pase,5.4,24.2,2267.2,476.8,TM 999,27,2,5
Cabe Keriting,Kuta Makmur,5.67,26.3,2061.0,141.0,TM 999,27,2,6
Cabe Keriting,Langkahan,5.1,25.8,2429.3,70.5,TM 999,27,2,7
Cabe Keriting,Lapang,6.05,27.1,2021.9,3.8,TM 999,27,2,8
Cabe Keriting,Lhoksukon,5.22,26.9,2091.4,12.1,TM 999,27,2,9
Cabe Keriting,Matangkuli,5.45,26.7,2130.0,11.7,TM 999,27,2,10
Cabe Keriting,Meurah Mulia,5.54,26.6,2083.6,18.0,TM 999,27,2,11
Cabe Keriting,Muara Batu,5.71,26.45,1941.3,10.3,TM 999,27,2,12
Cabe Keriting,Nibong,5.51,26.7,2127.2,17.4,TM 999,27,2,13
Cabe Keriting,Nisam,5.6,26.5,1946.5,30.6,TM 999,27,2,14
Cabe Keriting,Nisam Antara,5.47,25.2,2181.5,458.7,TM 999,27,2,15
Cabe Keriting,Paya Bakong,5.29,25.7,2263.3,81.3,TM 999,27,2,16
Cabe Keriting,Pirak Timu,5.15,26.3,2111.1,12.8,TM 999,27,2,17
Cabe Keriting,Samudera,5.7,26.7,1998.9,6.5,TM 999,27,2,18
Cabe Keriting,Sawang,5.42,25.0,2199.6,380.7,TM 999,27,2,19
Cabe Keriting,Seunuddon,6.09,27.2,2056.1,3.9,TM 999,27,2,20
Cabe Keriting,Simpang Keramat,5.59,26.1,2152.3,164.5,TM 999,27,2,21
Cabe Keriting,Syamtalira Aron,5.64,26.7,2000.2,5.4,TM 999,27,2,22
Cabe Keriting,Syamtalira Bayu,5.59,26.4,1951.2,20.0,TM 999,27,2,23
Cabe Keriting,Tanah Jambo Aye,5.31,27.0,2143.6,10.4,TM 999,27,2,24
Cabe Keriting,Tanah Luas,5.49,25.2,2200.2,239.4,TM 999,27,2,25
Cabe Keriting,Tanah Pasir,5.9,26.45,1978.8,4.7,TM 999,27,2,26
Cabe Keriting,Baktiya,5.37,27.0,2090.6,11.4,Lado F1,15,2,0
Cabe Keriting,Baktiya Barat,5.77,27.1,2006.5,3.6,Lado F1,15,2,1
Cabe Keriting,Banda Baro,5.62,26.4,1985.8,35.2,Lado F1,15,2,2
Cabe Keriting,Cot Girek,5.17,25.6,2403.7,124.3,Lado F1,15,2,3
Cabe Keriting,Dewantara,5.72,26.45,1932.4,9.4,Lado F1,15,2,4
Cabe Keriting,Geureudong Pase,5.4,24.2,2267.2,476.8,Lado F1,15,2,5
Cabe Keriting,Kuta Makmur,5.67,26.3,2061.0,141.0,Lado F1,15,2,6
Cabe Keriting,Langkahan,5.1,25.8,2429.3,70.5,Lado F1,15,2,7
Cabe Keriting,Lapang,6.05,27.1,2021.9,3.8,Lado F1,15,2,8
Cabe Keriting,Lhoksukon,5.22,26.9,2091.4,12.1,Lado F1,15,2,9
Cabe Keriting,Matangkuli,5.45,26.7,2130.0,11.7,Lado F1,15,2,10
Cabe Keriting,Meurah Mulia,5.54,26.6,2083.6,18.0,Lado F1,15,2,11
Cabe Keriting,Muara Batu,5.71,26.45,1941.3,10.3,Lado F1,15,2,12
Cabe Keriting,Nibong,5.51,26.7,2127.2,17.4,Lado F1,15,2,13
Cabe Keriting,Nisam,5.6,26.5,1946.5,30.6,Lado F1,15,2,14
Cabe Keriting,Nisam Antara,5.47,25.2,2181.5,458.7,Lado F1,15,2,15
Cabe Keriting,Paya Bakong,5.29,25.7,2263.3,81.3,Lado F1,15,2,16
Cabe Keriting,Pirak Timu,5.15,26.3,2111.1,12.8,Lado F1,15,2,17
Cabe Keriting,Samudera,5.7,26.7,1998.9,6.5,Lado F1,15,2,18
Cabe Keriting,Sawang,5.42,25.0,2199.6,380.7,Lado F1,15,2,19
Cabe Keriting,Seunuddon,6.09,27.2,2056.1,3.9,Lado F1,15,2,20
Cabe Keriting,Simpang Keramat,5.59,26.1,2152.3,164.5,Lado F1,15,2,21
Cabe Keriting,Syamtalira Aron,5.64,26.7,2000.2,5.4,Lado F1,15,2,22
Cabe Keriting,Syamtalira Bayu,5.59,26.4,1951.2,20.0,Lado F1,15,2,23
Cabe Keriting,Tanah Jambo Aye,5.31,27.0,2143.6,10.4,Lado F1,15,2,24
Cabe Keriting,Tanah Luas,5.49,25.2,2200.2,239.4,Lado F1,15,2,25
Cabe Keriting,Tanah Pasir,5.9,26.45,1978.8,4.7,Lado F1,15,2,26
Cabe Keriting,Baktiya,5.37,27.0,2090.6,11.4,Kencana,14,2,0
Cabe Keriting,Baktiya Barat,5.77,27.1,2006.5,3.6,Kencana,14,2,1
Cabe Keriting,Banda Baro,5.62,26.4,1985.8,35.2,Kencana,14,2,2
Cabe Keriting,Cot Girek,5.17,25.6,2403.7,124.3,Kencana,14,2,3
Cabe Keriting,Dewantara,5.72,26.45,1932.4,9.4,Kencana,14,2,4
Cabe Keriting,Geureudong Pase,5.4,24.2,2267.2,476.8,Kencana,14,2,5
Cabe Keriting,Kuta Makmur,5.67,26.3,2061.0,141.0,Kencana,14,2,6
Cabe Keriting,Langkahan,5.1,25.8,2429.3,70.5,Kencana,14,2,7
Cabe Keriting,Lapang,6.05,27.1,2021.9,3.8,Kencana,14,2,8
Cabe Keriting,Lhoksukon,5.22,26.9,2091.4,12.1,Kencana,14,2,9
Cabe Keriting,Matangkuli,5.45,26.7,2130.0,11.7,Kencana,14,2,10
Cabe Keriting,Meurah Mulia,5.54,26.6,2083.6,18.0,Kencana,14,2,11
Cabe Keriting,Muara Batu,5.71,26.45,1941.3,10.3,Kencana,14,2,12
Cabe Keriting,Nibong,5.51,26.7,2127.2,17.4,Kencana,14,2,13
Cabe Keriting,Nisam,5.6,26.5,1946.5,30.6,Kencana,14,2,14
Cabe Keriting,Nisam Antara,5.47,25.2,2181.5,458.7,Kencana,14,2,15
Cabe Keriting,Paya Bakong,5.29,25.7,2263.3,81.3,Kencana,14,2,16
Cabe Keriting,Pirak Timu,5.15,26.3,2111.1,12.8,Kencana,14,2,17
Cabe Keriting,Samudera,5.7,26.7,1998.9,6.5,Kencana,14,2,18
Cabe Keriting,Sawang,5.42,25.0,2199.6,380.7,Kencana,14,2,19
Cabe Keriting,Seunuddon,6.09,27.2,2056.1,3.9,Kencana,14,2,20
Cabe Keriting,Simpang Keramat,5.59,26.1,2152.3,164.5,Kencana,14,2,21
Cabe Keriting,Syamtalira Aron,5.64,26.7,2000.2,5.4,Kencana,14,2,22
Cabe Keriting,Syamtalira Bayu,5.59,26.4,1951.2,20.0,Kencana,14,2,23
Cabe Keriting,Tanah Jambo Aye,5.31,27.0,2143.6,10.4,Kencana,14,2,24
Cabe Keriting,Tanah Luas,5.49,25.2,2200.2,239.4,Kencana,14,2,25
Cabe Keriting,Tanah Pasir,5.9,26.45,1978.8,4.7,Kencana,14,2,26
Cabe Besar,Baktiya,5.37,27.0,2090.6,11.4,Tanjung 2,28,1,0
Cabe Besar,Baktiya Barat,5.77,27.1,2006.5,3.6,Tanjung 2,28,1,1
Cabe Besar,Banda Baro,5.62,26.4,1985.8,35.2,Tanjung 2,28,1,2
Cabe Besar,Cot Girek,5.17,25.6,2403.7,124.3,Tanjung 2,28,1,3
Cabe Besar,Dewantara,5.72,26.45,1932.4,9.4,Tanjung 2,28,1,4
Cabe Besar,Geureudong Pase,5.4,24.2,2267.2,476.8,Tanjung 2,28,1,5
Cabe Besar,Kuta Makmur,5.67,26.3,2061.0,141.0,Tanjung 2,28,1,6
Cabe Besar,Langkahan,5.1,25.8,2429.3,70.5,Tanjung 2,28,1,7
Cabe Besar,Lapang,6.05,27.1,2021.9,3.8,Tanjung 2,28,1,8
Cabe Besar,Lhoksukon,5.22,26.9,2091.4,12.1,Tanjung 2,28,1,9
Cabe Besar,Matangkuli,5.45,26.7,2130.0,11.7,Tanjung 2,28,1,10
Cabe Besar,Meurah Mulia,5.54,26.6,2083.6,18.0,Tanjung 2,28,1,11
Cabe Besar,Muara Batu,5.71,26.45,1941.3,10.3,Tanjung 2,28,1,12
Cabe Besar,Nibong,5.51,26.7,2127.2,17.4,Tanjung 2,28,1,13
Cabe Besar,Nisam,5.6,26.5,1946.5,30.6,Tanjung 2,28,1,14
Cabe Besar,Nisam Antara,5.47,25.2,2181.5,458.7,Tanjung 2,28,1,15
Cabe Besar,Paya Bakong,5.29,25.7,2263.3,81.3,Tanjung 2,28,1,16
Cabe Besar,Pirak Timu,5.15,26.3,2111.1,12.8,Tanjung 2,28,1,17
Cabe Besar,Samudera,5.7,26.7,1998.9,6.5,Tanjung 2,28,1,18
Cabe Besar,Sawang,5.42,25.0,2199.6,380.7,Tanjung 2,28,1,19
Cabe Besar,Seunuddon,6.09,27.2,2056.1,3.9,Tanjung 2,28,1,20
Cabe Besar,Simpang Keramat,5.59,26.1,2152.3,164.5,Tanjung 2,28,1,21
Cabe Besar,Syamtalira Aron,5.64,26.7,2000.2,5.4,Tanjung 2,28,1,22
Cabe Besar,Syamtalira Bayu,5.59,26.4,1951.2,20.0,Tanjung 2,28,1,23
Cabe Besar,Tanah Jambo Aye,5.31,27.0,2143.6,10.4,Tanjung 2,28,1,24
Cabe Besar,Tanah Luas,5.49,25.2,2200.2,239.4,Tanjung 2,28,1,25
Cabe Besar,Tanah Pasir,5.9,26.45,1978.8,4.7,Tanjung 2,28,1,26
Cabe Besar,Baktiya,5.37,27.0,2090.6,11.4,Gada MK F1,9,1,0
Cabe Besar,Baktiya Barat,5.77,27.1,2006.5,3.6,Gada MK F1,9,1,1
Cabe Besar,Banda Baro,5.62,26.4,1985.8,35.2,Gada MK F1,9,1,2
Cabe Besar,Cot Girek,5.17,25.6,2403.7,124.3,Gada MK F1,9,1,3
Cabe Besar,Dewantara,5.72,26.45,1932.4,9.4,Gada MK F1,9,1,4
Cabe Besar,Geureudong Pase,5.4,24.2,2267.2,476.8,Gada MK F1,9,1,5
Cabe Besar,Kuta Makmur,5.67,26.3,2061.0,141.0,Gada MK F1,9,1,6
Cabe Besar,Langkahan,5.1,25.8,2429.3,70.5,Gada MK F1,9,1,7
Cabe Besar,Lapang,6.05,27.1,2021.9,3.8,Gada MK F1,9,1,8
Cabe Besar,Lhoksukon,5.22,26.9,2091.4,12.1,Gada MK F1,9,1,9
Cabe Besar,Matangkuli,5.45,26.7,2130.0,11.7,Gada MK F1,9,1,10
Cabe Besar,Meurah Mulia,5.54,26.6,2083.6,18.0,Gada MK F1,9,1,11
Cabe Besar,Muara Batu,5.71,26.45,1941.3,10.3,Gada MK F1,9,1,12
Cabe Besar,Nibong,5.51,26.7,2127.2,17.4,Gada MK F1,9,1,13
Cabe Besar,Nisam,5.6,26.5,1946.5,30.6,Gada MK F1,9,1,14
Cabe Besar,Nisam Antara,5.47,25.2,2181.5,458.7,Gada MK F1,9,1,15
Cabe Besar,Paya Bakong,5.29,25.7,2263.3,81.3,Gada MK F1,9,1,16
Cabe Besar,Pirak Timu,5.15,26.3,2111.1,12.8,Gada MK F1,9,1,17
Cabe Besar,Samudera,5.7,26.7,1998.9,6.5,Gada MK F1,9,1,18
Cabe Besar,Sawang,5.42,25.0,2199.6,380.7,Gada MK F1,9,1,19
Cabe Besar,Seunuddon,6.09,27.2,2056.1,3.9,Gada MK F1,9,1,20
Cabe Besar,Simpang Keramat,5.59,26.1,2152.3,164.5,Gada MK F1,9,1,21
Cabe Besar,Syamtalira Aron,5.64,26.7,2000.2,5.4,Gada MK F1,9,1,22
Cabe Besar,Syamtalira Bayu,5.59,26.4,1951.2,20.0,Gada MK F1,9,1,23
Cabe Besar,Tanah Jambo Aye,5.31,27.0,2143.6,10.4,Gada MK F1,9,1,24
Cabe Besar,Tanah Luas,5.49,25.2,2200.2,239.4,Gada MK F1,9,1,25
Cabe Besar,Tanah Pasir,5.9,26.45,1978.8,4.7,Gada MK F1,9,1,26
Cabe Besar,Baktiya,5.37,27.0,2090.6,11.4,Laris F1,17,1,0
Cabe Besar,Baktiya Barat,5.77,27.1,2006.5,3.6,Laris F1,17,1,1
Cabe Besar,Banda Baro,5.62,26.4,1985.8,35.2,Laris F1,17,1,2
Cabe Besar,Cot Girek,5.17,25.6,2403.7,124.3,Laris F1,17,1,3
Cabe Besar,Dewantara,5.72,26.45,1932.4,9.4,Laris F1,17,1,4
Cabe Besar,Geureudong Pase,5.4,24.2,2267.2,476.8,Laris F1,17,1,5
Cabe Besar,Kuta Makmur,5.67,26.3,2061.0,141.0,Laris F1,17,1,6
Cabe Besar,Langkahan,5.1,25.8,2429.3,70.5,Laris F1,17,1,7
Cabe Besar,Lapang,6.05,27.1,2021.9,3.8,Laris F1,17,1,8
Cabe Besar,Lhoksukon,5.22,26.9,2091.4,12.1,Laris F1,17,1,9
Cabe Besar,Matangkuli,5.45,26.7,2130.0,11.7,Laris F1,17,1,10
Cabe Besar,Meurah Mulia,5.54,26.6,2083.6,18.0,Laris F1,17,1,11
Cabe Besar,Muara Batu,5.71,26.45,1941.3,10.3,Laris F1,17,1,12
Cabe Besar,Nibong,5.51,26.7,2127.2,17.4,Laris F1,17,1,13
Cabe Besar,Nisam,5.6,26.5,1946.5,30.6,Laris F1,17,1,14
Cabe Besar,Nisam Antara,5.47,25.2,2181.5,458.7,Laris F1,17,1,15
Cabe Besar,Paya Bakong,5.29,25.7,2263.3,81.3,Laris F1,17,1,16
Cabe Besar,Pirak Timu,5.15,26.3,2111.1,12.8,Laris F1,17,1,17
Cabe Besar,Samudera,5.7,26.7,1998.9,6.5,Laris F1,17,1,18
Cabe Besar,Sawang,5.42,25.0,2199.6,380.7,Laris F1,17,1,19
Cabe Besar,Seunuddon,6.09,27.2,2056.1,3.9,Laris F1,17,1,20
Cabe Besar,Simpang Keramat,5.59,26.1,2152.3,164.5,Laris F1,17,1,21
Cabe Besar,Syamtalira Aron,5.64,26.7,2000.2,5.4,Laris F1,17,1,22
Cabe Besar,Syamtalira Bayu,5.59,26.4,1951.2,20.0,Laris F1,17,1,23
Cabe Besar,Tanah Jambo Aye,5.31,27.0,2143.6,10.4,Laris F1,17,1,24
Cabe Besar,Tanah Luas,5.49,25.2,2200.2,239.4,Laris F1,17,1,25
Cabe Besar,Tanah Pasir,5.9,26.45,1978.8,4.7,Laris F1,17,1,26
Tomat,Baktiya,5.37,27.0,2090.6,11.4,Servo F1,24,9,0
Tomat,Baktiya Barat,5.77,27.1,2006.5,3.6,Servo F1,24,9,1
Tomat,Banda Baro,5.62,26.4,1985.8,35.2,Servo F1,24,9,2
Tomat,Cot Girek,5.17,25.6,2403.7,124.3,Servo F1,24,9,3
Tomat,Dewantara,5.72,26.45,1932.4,9.4,Servo F1,24,9,4
Tomat,Geureudong Pase,5.4,24.2,2267.2,476.8,Servo F1,24,9,5
Tomat,Kuta Makmur,5.67,26.3,2061.0,141.0,Servo F1,24,9,6
Tomat,Langkahan,5.1,25.8,2429.3,70.5,Servo F1,24,9,7
Tomat,Lapang,6.05,27.1,2021.9,3.8,Servo F1,24,9,8
Tomat,Lhoksukon,5.22,26.9,2091.4,12.1,Servo F1,24,9,9
Tomat,Matangkuli,5.45,26.7,2130.0,11.7,Servo F1,24,9,10
Tomat,Meurah Mulia,5.54,26.6,2083.6,18.0,Servo F1,24,9,11
Tomat,Muara Batu,5.71,26.45,1941.3,10.3,Servo F1,24,9,12
Tomat,Nibong,5.51,26.7,2127.2,17.4,Servo F1,24,9,13
Tomat,Nisam,5.6,26.5,1946.5,30.6,Servo F1,24,9,14
Tomat,Nisam Antara,5.47,25.2,2181.5,458.7,Servo F1,24,9,15
Tomat,Paya Bakong,5.29,25.7,2263.3,81.3,Servo F1,24,9,16
Tomat,Pirak Timu,5.15,26.3,2111.1,12.8,Servo F1,24,9,17
Tomat,Samudera,5.7,26.7,1998.9,6.5,Servo F1,24,9,18
Tomat,Sawang,5.42,25.0,2199.6,380.7,Servo F1,24,9,19
Tomat,Seunuddon,6.09,27.2,2056.1,3.9,Servo F1,24,9,20
Tomat,Simpang Keramat,5.59,26.1,2152.3,164.5,Servo F1,24,9,21
Tomat,Syamtalira Aron,5.64,26.7,2000.2,5.4,Servo F1,24,9,22
Tomat,Syamtalira Bayu,5.59,26.4,1951.2,20.0,Servo F1,24,9,23
Tomat,Tanah Jambo Aye,5.31,27.0,2143.6,10.4,Servo F1,24,9,24
Tomat,Tanah Luas,5.49,25.2,2200.2,239.4,Servo F1,24,9,25
Tomat,Tanah Pasir,5.9,26.45,1978.8,4.7,Servo F1,24,9,26
Tomat,Baktiya,5.37,27.0,2090.6,11.4,Ratna,22,9,0
Tomat,Baktiya Barat,5.77,27.1,2006.5,3.6,Ratna,22,9,1
Tomat,Banda Baro,5.62,26.4,1985.8,35.2,Ratna,22,9,2
Tomat,Cot Girek,5.17,25.6,2403.7,124.3,Ratna,22,9,3
Tomat,Dewantara,5.72,26.45,1932.4,9.4,Ratna,22,9,4
Tomat,Geureudong Pase,5.4,24.2,2267.2,476.8,Ratna,22,9,5
Tomat,Kuta Makmur,5.67,26.3,2061.0,141.0,Ratna,22,9,6
Tomat,Langkahan,5.1,25.8,2429.3,70.5,Ratna,22,9,7
Tomat,Lapang,6.05,27.1,2021.9,3.8,Ratna,22,9,8
Tomat,Lhoksukon,5.22,26.9,2091.4,12.1,Ratna,22,9,9
Tomat,Matangkuli,5.45,26.7,2130.0,11.7,Ratna,22,9,10
Tomat,Meurah Mulia,5.54,26.6,2083.6,18.0,Ratna,22,9,11
Tomat,Muara Batu,5.71,26.45,1941.3,10.3,Ratna,22,9,12
Tomat,Nibong,5.51,26.7,2127.2,17.4,Ratna,22,9,13
Tomat,Nisam,5.6,26.5,1946.5,30.6,Ratna,22,9,14
Tomat,Nisam Antara,5.47,25.2,2181.5,458.7,Ratna,22,9,15
Tomat,Paya Bakong,5.29,25.7,2263.3,81.3,Ratna,22,9,16
Tomat,Pirak Timu,5.15,26.3,2111.1,12.8,Ratna,22,9,17
Tomat,Samudera,5.7,26.7,1998.9,6.5,Ratna,22,9,18
Tomat,Sawang,5.42,25.0,2199.6,380.7,Ratna,22,9,19
Tomat,Seunuddon,6.09,27.2,2056.1,3.9,Ratna,22,9,20
Tomat,Simpang Keramat,5.59,26.1,2152.3,164.5,Ratna,22,9,21
Tomat,Syamtalira Aron,5.64,26.7,2000.2,5.4,Ratna,22,9,22
Tomat,Syamtalira Bayu,5.59,26.4,1951.2,20.0,Ratna,22,9,23
Tomat,Tanah Jambo Aye,5.31,27.0,2143.6,10.4,Ratna,22,9,24
Tomat,Tanah Luas,5.49,25.2,2200.2,239.4,Ratna,22,9,25
Tomat,Tanah Pasir,5.9,26.45,1978.8,4.7,Ratna,22,9,26
Tomat,Baktiya,5.37,27.0,2090.6,11.4,Intan,11,9,0
Tomat,Baktiya Barat,5.77,27.1,2006.5,3.6,Intan,11,9,1
Tomat,Banda Baro,5.62,26.4,1985.8,35.2,Intan,11,9,2
Tomat,Cot Girek,5.17,25.6,2403.7,124.3,Intan,11,9,3
Tomat,Dewantara,5.72,26.45,1932.4,9.4,Intan,11,9,4
Tomat,Geureudong Pase,5.4,24.2,2267.2,476.8,Intan,11,9,5
Tomat,Kuta Makmur,5.67,26.3,2061.0,141.0,Intan,11,9,6
Tomat,Langkahan,5.1,25.8,2429.3,70.5,Intan,11,9,7
Tomat,Lapang,6.05,27.1,2021.9,3.8,Intan,11,9,8
Tomat,Lhoksukon,5.22,26.9,2091.4,12.1,Intan,11,9,9
Tomat,Matangkuli,5.45,26.7,2130.0,11.7,Intan,11,9,10
Tomat,Meurah Mulia,5.54,26.6,2083.6,18.0,Intan,11,9,11
Tomat,Muara Batu,5.71,26.45,1941.3,10.3,Intan,11,9,12
Tomat,Nibong,5.51,26.7,2127.2,17.4,Intan,11,9,13
Tomat,Nisam,5.6,26.5,1946.5,30.6,Intan,11,9,14
Tomat,Nisam Antara,5.47,25.2,2181.5,458.7,Intan,11,9,15
Tomat,Paya Bakong,5.29,25.7,2263.3,81.3,Intan,11,9,16
Tomat,Pirak Timu,5.15,26.3,2111.1,12.8,Intan,11,9,17
Tomat,Samudera,5.7,26.7,1998.9,6.5,Intan,11,9,18
Tomat,Sawang,5.42,25.0,2199.6,380.7,Intan,11,9,19
Tomat,Seunuddon,6.09,27.2,2056.1,3.9,Intan,11,9,20
Tomat,Simpang Keramat,5.59,26.1,2152.3,164.5,Intan,11,9,21
Tomat,Syamtalira Aron,5.64,26.7,2000.2,5.4,Intan,11,9,22
Tomat,Syamtalira Bayu,5.59,26.4,1951.2,20.0,Intan,11,9,23
Tomat,Tanah Jambo Aye,5.31,27.0,2143.6,10.4,Intan,11,9,24
Tomat,Tanah Luas,5.49,25.2,2200.2,239.4,Intan,11,9,25
Tomat,Tanah Pasir,5.9,26.45,1978.8,4.7,Intan,11,9,26
Semangka,Baktiya,5.37,27.0,2090.6,11.4,Crimson Sweet,7,7,0
Semangka,Baktiya Barat,5.77,27.1,2006.5,3.6,Crimson Sweet,7,7,1
Semangka,Banda Baro,5.62,26.4,1985.8,35.2,Crimson Sweet,7,7,2
Semangka,Cot Girek,5.17,25.6,2403.7,124.3,Crimson Sweet,7,7,3
Semangka,Dewantara,5.72,26.45,1932.4,9.4,Crimson Sweet,7,7,4
Semangka,Geureudong Pase,5.4,24.2,2267.2,476.8,Crimson Sweet,7,7,5
Semangka,Kuta Makmur,5.67,26.3,2061.0,141.0,Crimson Sweet,7,7,6
Semangka,Langkahan,5.1,25.8,2429.3,70.5,Crimson Sweet,7,7,7
Semangka,Lapang,6.05,27.1,2021.9,3.8,Crimson Sweet,7,7,8
Semangka,Lhoksukon,5.22,26.9,2091.4,12.1,Crimson Sweet,7,7,9
Semangka,Matangkuli,5.45,26.7,2130.0,11.7,Crimson Sweet,7,7,10
Semangka,Meurah Mulia,5.54,26.6,2083.6,18.0,Crimson Sweet,7,7,11
Semangka,Muara Batu,5.71,26.45,1941.3,10.3,Crimson Sweet,7,7,12
Semangka,Nibong,5.51,26.7,2127.2,17.4,Crimson Sweet,7,7,13
Semangka,Nisam,5.6,26.5,1946.5,30.6,Crimson Sweet,7,7,14
Semangka,Nisam Antara,5.47,25.2,2181.5,458.7,Crimson Sweet,7,7,15
Semangka,Paya Bakong,5.29,25.7,2263.3,81.3,Crimson Sweet,7,7,16
Semangka,Pirak Timu,5.15,26.3,2111.1,12.8,Crimson Sweet,7,7,17
Semangka,Samudera,5.7,26.7,1998.9,6.5,Crimson Sweet,7,7,18
Semangka,Sawang,5.42,25.0,2199.6,380.7,Crimson Sweet,7,7,19
Semangka,Seunuddon,6.09,27.2,2056.1,3.9,Crimson Sweet,7,7,20
Semangka,Simpang Keramat,5.59,26.1,2152.3,164.5,Crimson Sweet,7,7,21
Semangka,Syamtalira Aron,5.64,26.7,2000.2,5.4,Crimson Sweet,7,7,22
Semangka,Syamtalira Bayu,5.59,26.4,1951.2,20.0,Crimson Sweet,7,7,23
Semangka,Tanah Jambo Aye,5.31,27.0,2143.6,10.4,Crimson Sweet,7,7,24
Semangka,Tanah Luas,5.49,25.2,2200.2,239.4,Crimson Sweet,7,7,25
Semangka,Tanah Pasir,5.9,26.45,1978.8,4.7,Crimson Sweet,7,7,26
Semangka,Baktiya,5.37,27.0,2090.6,11.4,Sugar Baby,25,7,0
Semangka,Baktiya Barat,5.77,27.1,2006.5,3.6,Sugar Baby,25,7,1
Semangka,Banda Baro,5.62,26.4,1985.8,35.2,Sugar Baby,25,7,2
Semangka,Cot Girek,5.17,25.6,2403.7,124.3,Sugar Baby,25,7,3
Semangka,Dewantara,5.72,26.45,1932.4,9.4,Sugar Baby,25,7,4
Semangka,Geureudong Pase,5.4,24.2,2267.2,476.8,Sugar Baby,25,7,5
Semangka,Kuta Makmur,5.67,26.3,2061.0,141.0,Sugar Baby,25,7,6
Semangka,Langkahan,5.1,25.8,2429.3,70.5,Sugar Baby,25,7,7
Semangka,Lapang,6.05,27.1,2021.9,3.8,Sugar Baby,25,7,8
Semangka,Lhoksukon,5.22,26.9,2091.4,12.1,Sugar Baby,25,7,9
Semangka,Matangkuli,5.45,26.7,2130.0,11.7,Sugar Baby,25,7,10
Semangka,Meurah Mulia,5.54,26.6,2083.6,18.0,Sugar Baby,25,7,11
Semangka,Muara Batu,5.71,26.45,1941.3,10.3,Sugar Baby,25,7,12
Semangka,Nibong,5.51,26.7,2127.2,17.4,Sugar Baby,25,7,13
Semangka,Nisam,5.6,26.5,1946.5,30.6,Sugar Baby,25,7,14
Semangka,Nisam Antara,5.47,25.2,2181.5,458.7,Sugar Baby,25,7,15
Semangka,Paya Bakong,5.29,25.7,2263.3,81.3,Sugar Baby,25,7,16
Semangka,Pirak Timu,5.15,26.3,2111.1,12.8,Sugar Baby,25,7,17
Semangka,Samudera,5.7,26.7,1998.9,6.5,Sugar Baby,25,7,18
Semangka,Sawang,5.42,25.0,2199.6,380.7,Sugar Baby,25,7,19
Semangka,Seunuddon,6.09,27.2,2056.1,3.9,Sugar Baby,25,7,20
Semangka,Simpang Keramat,5.59,26.1,2152.3,164.5,Sugar Baby,25,7,21
Semangka,Syamtalira Aron,5.64,26.7,2000.2,5.4,Sugar Baby,25,7,22
Semangka,Syamtalira Bayu,5.59,26.4,1951.2,20.0,Sugar Baby,25,7,23
Semangka,Tanah Jambo Aye,5.31,27.0,2143.6,10.4,Sugar Baby,25,7,24
Semangka,Tanah Luas,5.49,25.2,2200.2,239.4,Sugar Baby,25,7,25
Semangka,Tanah Pasir,5.9,26.45,1978.8,4.7,Sugar Baby,25,7,26
Semangka,Baktiya,5.37,27.0,2090.6,11.4,Amara F1,0,7,0
Semangka,Baktiya Barat,5.77,27.1,2006.5,3.6,Amara F1,0,7,1
Semangka,Banda Baro,5.62,26.4,1985.8,35.2,Amara F1,0,7,2
Semangka,Cot Girek,5.17,25.6,2403.7,124.3,Amara F1,0,7,3
Semangka,Dewantara,5.72,26.45,1932.4,9.4,Amara F1,0,7,4
Semangka,Geureudong Pase,5.4,24.2,2267.2,476.8,Amara F1,0,7,5
Semangka,Kuta Makmur,5.67,26.3,2061.0,141.0,Amara F1,0,7,6
Semangka,Langkahan,5.1,25.8,2429.3,70.5,Amara F1,0,7,7
Semangka,Lapang,6.05,27.1,2021.9,3.8,Amara F1,0,7,8
Semangka,Lhoksukon,5.22,26.9,2091.4,12.1,Amara F1,0,7,9
Semangka,Matangkuli,5.45,26.7,2130.0,11.7,Amara F1,0,7,10
Semangka,Meurah Mulia,5.54,26.6,2083.6,18.0,Amara F1,0,7,11
Semangka,Muara Batu,5.71,26.45,1941.3,10.3,Amara F1,0,7,12
Semangka,Nibong,5.51,26.7,2127.2,17.4,Amara F1,0,7,13
Semangka,Nisam,5.6,26.5,1946.5,30.6,Amara F1,0,7,14
Semangka,Nisam Antara,5.47,25.2,2181.5,458.7,Amara F1,0,7,15
Semangka,Paya Bakong,5.29,25.7,2263.3,81.3,Amara F1,0,7,16
Semangka,Pirak Timu,5.15,26.3,2111.1,12.8,Amara F1,0,7,17
Semangka,Samudera,5.7,26.7,1998.9,6.5,Amara F1,0,7,18
Semangka,Sawang,5.42,25.0,2199.6,380.7,Amara F1,0,7,19
Semangka,Seunuddon,6.09,27.2,2056.1,3.9,Amara F1,0,7,20
Semangka,Simpang Keramat,5.59,26.1,2152.3,164.5,Amara F1,0,7,21
Semangka,Syamtalira Aron,5.64,26.7,2000.2,5.4,Amara F1,0,7,22
Semangka,Syamtalira Bayu,5.59,26.4,1951.2,20.0,Amara F1,0,7,23
Semangka,Tanah Jambo Aye,5.31,27.0,2143.6,10.4,Amara F1,0,7,24
Semangka,Tanah Luas,5.49,25.2,2200.2,239.4,Amara F1,0,7,25
Semangka,Tanah Pasir,5.9,26.45,1978.8,4.7,Amara F1,0,7,26
Bayam,Baktiya,5.37,27.0,2090.6,11.4,Maestro,18,0,0
Bayam,Baktiya Barat,5.77,27.1,2006.5,3.6,Maestro,18,0,1
Bayam,Banda Baro,5.62,26.4,1985.8,35.2,Maestro,18,0,2
Bayam,Cot Girek,5.17,25.6,2403.7,124.3,Maestro,18,0,3
Bayam,Dewantara,5.72,26.45,1932.4,9.4,Maestro,18,0,4
Bayam,Geureudong Pase,5.4,24.2,2267.2,476.8,Maestro,18,0,5
Bayam,Kuta Makmur,5.67,26.3,2061.0,141.0,Maestro,18,0,6
Bayam,Langkahan,5.1,25.8,2429.3,70.5,Maestro,18,0,7
Bayam,Lapang,6.05,27.1,2021.9,3.8,Maestro,18,0,8
Bayam,Lhoksukon,5.22,26.9,2091.4,12.1,Maestro,18,0,9
Bayam,Matangkuli,5.45,26.7,2130.0,11.7,Maestro,18,0,10
Bayam,Meurah Mulia,5.54,26.6,2083.6,18.0,Maestro,18,0,11
Bayam,Muara Batu,5.71,26.45,1941.3,10.3,Maestro,18,0,12
Bayam,Nibong,5.51,26.7,2127.2,17.4,Maestro,18,0,13
Bayam,Nisam,5.6,26.5,1946.5,30.6,Maestro,18,0,14
Bayam,Nisam Antara,5.47,25.2,2181.5,458.7,Maestro,18,0,15
Bayam,Paya Bakong,5.29,25.7,2263.3,81.3,Maestro,18,0,16
Bayam,Pirak Timu,5.15,26.3,2111.1,12.8,Maestro,18,0,17
Bayam,Samudera,5.7,26.7,1998.9,6.5,Maestro,18,0,18
Bayam,Sawang,5.42,25.0,2199.6,380.7,Maestro,18,0,19
Bayam,Seunuddon,6.09,27.2,2056.1,3.9,Maestro,18,0,20
Bayam,Simpang Keramat,5.59,26.1,2152.3,164.5,Maestro,18,0,21
Bayam,Syamtalira Aron,5.64,26.7,2000.2,5.4,Maestro,18,0,22
Bayam,Syamtalira Bayu,5.59,26.4,1951.2,20.0,Maestro,18,0,23
Bayam,Tanah Jambo Aye,5.31,27.0,2143.6,10.4,Maestro,18,0,24
Bayam,Tanah Luas,5.49,25.2,2200.2,239.4,Maestro,18,0,25
Bayam,Tanah Pasir,5.9,26.45,1978.8,4.7,Maestro,18,0,26
Bayam,Baktiya,5.37,27.0,2090.6,11.4,Bangkok,2,0,0
Bayam,Baktiya Barat,5.77,27.1,2006.5,3.6,Bangkok,2,0,1
Bayam,Banda Baro,5.62,26.4,1985.8,35.2,Bangkok,2,0,2
Bayam,Cot Girek,5.17,25.6,2403.7,124.3,Bangkok,2,0,3
Bayam,Dewantara,5.72,26.45,1932.4,9.4,Bangkok,2,0,4
Bayam,Geureudong Pase,5.4,24.2,2267.2,476.8,Bangkok,2,0,5
Bayam,Kuta Makmur,5.67,26.3,2061.0,141.0,Bangkok,2,0,6
Bayam,Langkahan,5.1,25.8,2429.3,70.5,Bangkok,2,0,7
Bayam,Lapang,6.05,27.1,2021.9,3.8,Bangkok,2,0,8
Bayam,Lhoksukon,5.22,26.9,2091.4,12.1,Bangkok,2,0,9
Bayam,Matangkuli,5.45,26.7,2130.0,11.7,Bangkok,2,0,10
Bayam,Meurah Mulia,5.54,26.6,2083.6,18.0,Bangkok,2,0,11
Bayam,Muara Batu,5.71,26.45,1941.3,10.3,Bangkok,2,0,12
Bayam,Nibong,5.51,26.7,2127.2,17.4,Bangkok,2,0,13
Bayam,Nisam,5.6,26.5,1946.5,30.6,Bangkok,2,0,14
Bayam,Nisam Antara,5.47,25.2,2181.5,458.7,Bangkok,2,0,15
Bayam,Paya Bakong,5.29,25.7,2263.3,81.3,Bangkok,2,0,16
Bayam,Pirak Timu,5.15,26.3,2111.1,12.8,Bangkok,2,0,17
Bayam,Samudera,5.7,26.7,1998.9,6.5,Bangkok,2,0,18
Bayam,Sawang,5.42,25.0,2199.6,380.7,Bangkok,2,0,19
Bayam,Seunuddon,6.09,27.2,2056.1,3.9,Bangkok,2,0,20
Bayam,Simpang Keramat,5.59,26.1,2152.3,164.5,Bangkok,2,0,21
Bayam,Syamtalira Aron,5.64,26.7,2000.2,5.4,Bangkok,2,0,22
Bayam,Syamtalira Bayu,5.59,26.4,1951.2,20.0,Bangkok,2,0,23
Bayam,Tanah Jambo Aye,5.31,27.0,2143.6,10.4,Bangkok,2,0,24
Bayam,Tanah Luas,5.49,25.2,2200.2,239.4,Bangkok,2,0,25
Bayam,Tanah Pasir,5.9,26.45,1978.8,4.7,Bangkok,2,0,26
Bayam,Baktiya,5.37,27.0,2090.6,11.4,Cempaka,6,0,0
Bayam,Baktiya Barat,5.77,27.1,2006.5,3.6,Cempaka,6,0,1
Bayam,Banda Baro,5.62,26.4,1985.8,35.2,Cempaka,6,0,2
Bayam,Cot Girek,5.17,25.6,2403.7,124.3,Cempaka,6,0,3
Bayam,Dewantara,5.72,26.45,1932.4,9.4,Cempaka,6,0,4
Bayam,Geureudong Pase,5.4,24.2,2267.2,476.8,Cempaka,6,0,5
Bayam,Kuta Makmur,5.67,26.3,2061.0,141.0,Cempaka,6,0,6
Bayam,Langkahan,5.1,25.8,2429.3,70.5,Cempaka,6,0,7
Bayam,Lapang,6.05,27.1,2021.9,3.8,Cempaka,6,0,8
Bayam,Lhoksukon,5.22,26.9,2091.4,12.1,Cempaka,6,0,9
Bayam,Matangkuli,5.45,26.7,2130.0,11.7,Cempaka,6,0,10
Bayam,Meurah Mulia,5.54,26.6,2083.6,18.0,Cempaka,6,0,11
Bayam,Muara Batu,5.71,26.45,1941.3,10.3,Cempaka,6,0,12
Bayam,Nibong,5.51,26.7,2127.2,17.4,Cempaka,6,0,13
Bayam,Nisam,5.6,26.5,1946.5,30.6,Cempaka,6,0,14
Bayam,Nisam Antara,5.47,25.2,2181.5,458.7,Cempaka,6,0,15
Bayam,Paya Bakong,5.29,25.7,2263.3,81.3,Cempaka,6,0,16
Bayam,Pirak Timu,5.15,26.3,2111.1,12.8,Cempaka,6,0,17
Bayam,Samudera,5.7,26.7,1998.9,6.5,Cempaka,6,0,18
Bayam,Sawang,5.42,25.0,2199.6,380.7,Cempaka,6,0,19
Bayam,Seunuddon,6.09,27.2,2056.1,3.9,Cempaka,6,0,20
Bayam,Simpang Keramat,5.59,26.1,2152.3,164.5,Cempaka,6,0,21
Bayam,Syamtalira Aron,5.64,26.7,2000.2,5.4,Cempaka,6,0,22
Bayam,Syamtalira Bayu,5.59,26.4,1951.2,20.0,Cempaka,6,0,23
Bayam,Tanah Jambo Aye,5.31,27.0,2143.6,10.4,Cempaka,6,0,24
Bayam,Tanah Luas,5.49,25.2,2200.2,239.4,Cempaka,6,0,25
Bayam,Tanah Pasir,5.9,26.45,1978.8,4.7,Cempaka,6,0,26
